USE carlton_movie_rentals;


INSERT INTO MembershipPlan
  (PlanName, MonthlyFee, MaxActiveRentals, LateFeeDiscountPercent, CreatedDate, IsActive)
VALUES
  ('Standard',  9.99,  3,  0,  '2021-01-01', 1),
  ('Premium',  19.99,  8, 20,  '2021-01-01', 1),
  ('Family',   24.99, 10, 30,  '2022-06-01', 1);


INSERT INTO Store
  (StoreName, AddressLine1, Suburb, Postcode, State, OpenedDate, IsOpen)
VALUES
  ('Carlton Flagship', '123 Lygon St',      'Carlton',     '3053', 'VIC', '2015-03-01', 1),
  ('Fitzroy Store',    '88 Brunswick St',   'Fitzroy',     '3065', 'VIC', '2017-09-15', 1),
  ('Richmond Store',   '250 Swan St',       'Richmond',    '3121', 'VIC', '2019-05-20', 1),
  ('Southbank Kiosk',  '20 Southbank Blvd', 'Southbank',   '3006', 'VIC', '2023-11-01', 1);

INSERT INTO Customer
    (FirstName, LastName, Email, Phone, DateOfBirth, SignupDate, MembershipID, IsActive, PreferredStoreID)
VALUES
  ('Liam','Murphy','liam.murphy1@gmail.com','0430749249','1984-09-12','2024-12-24',NULL,1,1),
  ('Mason','Cox','mason.cox2@gmail.com','0493807977','1989-06-19','2023-09-02',2,1,3),
  ('Chloe','Walker','chloe.walker3@gmail.com','0474641314','1995-12-19','2021-02-08',1,1,1),
  ('Zoe','White','zoe.white4@gmail.com','0481163541','2005-03-02','2023-04-18',NULL,0,2),
  ('Poppy','Fox','poppy.fox5@gmail.com','0446577449','1994-07-19','2023-03-10',1,1,3),
  ('Charlotte','Smith','charlotte.smith6@gmail.com','0445181630','1986-07-19','2022-11-10',1,1,2),
  ('Evie','Carter','evie.carter7@gmail.com','0482710627','2003-08-02','2024-03-25',2,1,1),
  ('Frankie','Gray','frankie.gray8@gmail.com','0423579176','1993-03-31','2021-01-07',3,1,3),
  ('Henry','Turner','henry.turner9@gmail.com','0487708296','1978-05-11','2021-05-08',1,1,2),
  ('Hunter','Foster','hunter.foster10@gmail.com','0449468797','1980-03-27','2022-10-17',2,1,3),
  ('Evie','Campbell','evie.campbell11@gmail.com','0484308648','2000-08-20','2023-10-23',2,1,3),
  ('Amelia','Thompson','amelia.thompson12@gmail.com','0487582861','1998-03-31','2024-09-06',1,1,3),
  ('Ruby','Gray','ruby.gray13@gmail.com','0492725449','1990-11-26','2021-02-17',NULL,1,2),
  ('Grace','Kelly','grace.kelly14@gmail.com','0477959999','1980-02-02','2022-03-18',3,1,2),
  ('Sebastian','Kelly','sebastian.kelly15@gmail.com','0453021894','1993-05-03','2022-05-10',2,1,1),
  ('Mia','Taylor','mia.taylor16@gmail.com','0466737982','1993-10-25','2024-06-28',1,1,2),
  ('Lucas','Green','lucas.green17@gmail.com','0430129159','1999-12-23','2023-01-01',2,1,3),
  ('Luca','Cox','luca.cox18@gmail.com','0417869908','1982-01-22','2024-01-27',1,1,1),
  ('Levi','Ward','levi.ward19@gmail.com','0411467638','1993-01-26','2021-07-02',1,1,3),
  ('Georgia','Kelly','georgia.kelly20@gmail.com','0494771227','1987-12-01','2022-06-15',3,1,3),
  ('Liam','Walker','liam.walker21@gmail.com','0479385679','2000-07-02','2022-03-21',2,1,3),
  ('Billie','Fox','billie.fox22@gmail.com','0446866679','1977-07-28','2022-04-14',1,1,3),
  ('Riley','Brown','riley.brown23@gmail.com','0422868182','1992-09-23','2021-08-16',3,1,3),
  ('Isla','Parker','isla.parker24@gmail.com','0423207669','1992-02-04','2023-07-08',1,1,1),
  ('Harrison','Phillips','harrison.phillips25@gmail.com','0459924040','2005-03-28','2022-07-07',1,1,1),
  ('Grace','Morgan','grace.morgan26@gmail.com','0487762312','1980-02-11','2021-05-11',1,1,1),
  ('Frankie','Howard','frankie.howard27@gmail.com','0456095842','1984-12-02','2021-12-22',2,1,2),
  ('Indiana','Cox','indiana.cox28@gmail.com','0472872124','1982-06-11','2023-04-16',1,1,3),
  ('Olivia','Young','olivia.young29@gmail.com','0470056194','1986-03-28','2024-10-21',3,1,1),
  ('Elsie','Bailey','elsie.bailey30@gmail.com','0438259307','2000-10-22','2021-08-15',2,0,1),
  ('Indiana','Nguyen','indiana.nguyen31@gmail.com','0414089317','1989-12-30','2023-08-08',2,1,3),
  ('Chloe','Hill','chloe.hill32@gmail.com','0415728519','1976-12-19','2022-03-07',2,1,2),
  ('Indiana','Gray','indiana.gray33@gmail.com','0410268747','1984-07-10','2021-05-01',2,1,3),
  ('Cooper','Anderson','cooper.anderson34@gmail.com','0447629554','1998-09-01','2022-02-05',1,1,2),
  ('Elsie','Phillips','elsie.phillips35@gmail.com','0491489448','1977-07-28','2024-03-31',1,1,1),
  ('Hunter','Young','hunter.young36@gmail.com','0459743022','1983-03-19','2023-05-09',3,1,3),
  ('Georgia','Harris','georgia.harris37@gmail.com','0433166149','1978-05-13','2023-05-06',2,1,3),
  ('Hudson','Lewis','hudson.lewis38@gmail.com','0477185857','1985-11-26','2023-11-16',1,1,1),
  ('Angus','Lewis','angus.lewis39@gmail.com','0412452587','1990-09-29','2023-10-17',1,1,3),
  ('Hudson','Anderson','hudson.anderson40@gmail.com','0410522522','1983-10-07','2024-10-12',2,1,2),
  ('Harper','Jones','harper.jones41@gmail.com','0478910561','1989-02-03','2024-10-25',1,1,3),
  ('Frankie','Green','frankie.green42@gmail.com','0487043604','1992-06-02','2021-07-13',2,1,2),
  ('Cooper','Brown','cooper.brown43@gmail.com','0467317954','1980-07-20','2024-11-16',NULL,1,3),
  ('Luca','Martin','luca.martin44@gmail.com','0409535682','1997-07-05','2024-07-16',1,1,2),
  ('Harper','Phillips','harper.phillips45@gmail.com','0473166175','1981-10-18','2023-09-02',1,1,3),
  ('Nate','Anderson','nate.anderson46@gmail.com','0423395698','1997-02-26','2022-05-13',2,1,2),
  ('Chloe','Cox','chloe.cox47@gmail.com','0425867928','1999-08-24','2024-10-10',3,1,1),
  ('Darcy','Edwards','darcy.edwards48@gmail.com','0484530059','1979-07-14','2024-04-21',2,1,3),
  ('Elsie','Bailey','elsie.bailey49@gmail.com','0406434213','1986-10-18','2021-02-11',2,1,1),
  ('Noah','Walker','noah.walker50@gmail.com','0463299000','1984-10-15','2023-09-16',2,1,2),
  ('Blake','Harris','blake.harris51@gmail.com','0479300272','1975-06-18','2024-09-07',2,1,1),
  ('Cooper','Hill','cooper.hill52@gmail.com','0418627553','1977-09-05','2022-11-26',3,1,3),
  ('Hudson','Morgan','hudson.morgan53@gmail.com','0498592291','1982-05-29','2024-07-04',3,1,1),
  ('Ruby','Bailey','ruby.bailey54@gmail.com','0499451488','1998-06-10','2023-04-12',2,1,1),
  ('Archie','Cook','archie.cook55@gmail.com','0499910822','1989-02-11','2024-09-10',1,1,1),
  ('Poppy','Stewart','poppy.stewart56@gmail.com','0416668345','1990-03-10','2021-04-27',1,1,1),
  ('Ava','Cooper','ava.cooper57@gmail.com','0443794255','1993-01-06','2022-02-19',2,1,2),
  ('Grace','Green','grace.green58@gmail.com','0407123283','1984-11-01','2022-09-09',3,1,2),
  ('Hunter','Adams','hunter.adams59@gmail.com','0463358196','1981-07-07','2022-06-14',2,1,1),
  ('Leo','Fox','leo.fox60@gmail.com','0473164544','1980-12-11','2021-01-25',2,1,3),
  ('Evie','Roberts','evie.roberts61@gmail.com','0428798756','2001-10-16','2024-10-29',2,1,3),
  ('Chloe','Adams','chloe.adams62@gmail.com','0438229792','1990-05-05','2024-01-14',NULL,1,3),
  ('Harper','Young','harper.young63@gmail.com','0480917652','1994-02-26','2024-08-05',1,1,2),
  ('Thomas','Young','thomas.young64@gmail.com','0484157577','1982-11-21','2022-12-22',2,1,3),
  ('William','Murphy','william.murphy65@gmail.com','0493170772','1977-02-09','2023-08-31',2,1,2),
  ('Ava','Harris','ava.harris66@gmail.com','0470279257','1987-07-19','2023-06-08',NULL,1,3),
  ('Riley','Bell','riley.bell67@gmail.com','0499210377','1982-07-16','2024-11-11',3,1,2),
  ('Bentley','Harris','bentley.harris68@gmail.com','0486572984','1976-12-11','2023-10-08',1,1,1),
  ('Evie','Gray','evie.gray69@gmail.com','0410059386','1999-01-13','2023-07-20',1,1,2),
  ('Hunter','Martin','hunter.martin70@gmail.com','0410137822','1998-04-10','2021-10-09',2,1,2),
  ('Oscar','Cox','oscar.cox71@gmail.com','0491261597','1991-01-04','2021-10-08',1,1,2),
  ('Angus','Bailey','angus.bailey72@gmail.com','0464141927','1994-12-16','2023-10-04',1,1,1),
  ('Isla','Murphy','isla.murphy73@gmail.com','0461701149','1983-06-06','2024-05-07',2,1,1),
  ('Logan','Cook','logan.cook74@gmail.com','0419138096','1984-01-13','2023-06-17',3,1,2),
  ('Charlotte','Cooper','charlotte.cooper75@gmail.com','0405000943','2001-07-18','2022-12-03',3,1,2),
  ('James','Hill','james.hill76@gmail.com','0427950740','1987-11-03','2024-06-25',3,1,1),
  ('Elsie','Rogers','elsie.rogers77@gmail.com','0417548065','1990-08-06','2021-07-03',3,1,2),
  ('Ava','Green','ava.green78@gmail.com','0442317700','2000-07-09','2022-11-27',3,1,2),
  ('Jack','Walker','jack.walker79@gmail.com','0452013683','1997-01-29','2023-05-04',1,1,2),
  ('Matilda','Phillips','matilda.phillips80@gmail.com','0418193464','1996-03-17','2022-04-06',3,1,1),
  ('Willow','Ward','willow.ward81@gmail.com','0426010169','1988-08-08','2021-10-18',2,1,3),
  ('Sienna','Hill','sienna.hill82@gmail.com','0481886998','1986-09-20','2022-12-17',2,1,1),
  ('Elsie','Hill','elsie.hill83@gmail.com','0435857729','1989-04-08','2023-05-07',2,1,3),
  ('Levi','Mitchell','levi.mitchell84@gmail.com','0419587340','1998-10-07','2023-05-30',2,1,1),
  ('Ruby','Bell','ruby.bell85@gmail.com','0466606528','1994-02-08','2023-09-24',2,1,1),
  ('Hudson','Gray','hudson.gray86@gmail.com','0404325104','1986-09-29','2021-05-24',NULL,1,1),
  ('Charlotte','Lewis','charlotte.lewis87@gmail.com','0491944708','1980-12-21','2024-02-29',1,1,1),
  ('Harper','Jones','harper.jones88@gmail.com','0498882824','1990-05-08','2023-09-14',2,1,1),
  ('Angus','Roberts','angus.roberts89@gmail.com','0438303628','1975-03-04','2024-10-26',1,1,3),
  ('Nate','Smith','nate.smith90@gmail.com','0416648596','1995-11-09','2024-09-28',2,1,3),
  ('Leo','Jones','leo.jones91@gmail.com','0492629620','1980-12-15','2022-08-09',2,1,2),
  ('Billie','Bailey','billie.bailey92@gmail.com','0448997419','1991-12-03','2023-10-29',3,1,2),
  ('Mia','Morgan','mia.morgan93@gmail.com','0469815129','1980-01-24','2021-07-21',1,1,3),
  ('Georgia','Walker','georgia.walker94@gmail.com','0489536007','2004-01-18','2023-10-30',2,1,3),
  ('Bentley','Roberts','bentley.roberts95@gmail.com','0466858448','1987-05-28','2022-11-18',3,1,3),
  ('Charlotte','Campbell','charlotte.campbell96@gmail.com','0470718132','1994-11-04','2021-02-06',2,1,2),
  ('Riley','Ward','riley.ward97@gmail.com','0401699982','1995-03-01','2021-05-10',2,1,1),
  ('Sienna','Murphy','sienna.murphy98@gmail.com','0435972782','1976-08-12','2023-01-04',1,1,2),
  ('Levi','Fox','levi.fox99@gmail.com','0490434728','1984-12-03','2023-03-11',2,1,2),
  ('Harper','Cox','harper.cox100@gmail.com','0495180799','1979-11-22','2021-05-26',2,1,2),
  ('Elsie','Turner','elsie.turner101@gmail.com','0456389691','1992-04-21','2023-09-05',2,1,2),
  ('Frankie','Cox','frankie.cox102@gmail.com','0478376512','1980-04-07','2021-11-08',1,1,3),
  ('Harper','Taylor','harper.taylor103@gmail.com','0463670639','1999-12-21','2022-11-19',2,1,2),
  ('Jack','Evans','jack.evans104@gmail.com','0473227897','1982-12-11','2022-02-20',3,1,2),
  ('Frankie','Johnson','frankie.johnson105@gmail.com','0411342108','1987-06-25','2021-07-16',1,1,2),
  ('Noah','Anderson','noah.anderson106@gmail.com','0421530680','1981-07-23','2024-05-18',1,1,3),
  ('Billie','Stewart','billie.stewart107@gmail.com','0479930970','1999-04-27','2023-02-28',1,1,2),
  ('Sebastian','Wilson','sebastian.wilson108@gmail.com','0426154939','1983-06-28','2022-05-25',1,1,2),
  ('Georgia','Gray','georgia.gray109@gmail.com','0491404216','1996-03-28','2024-02-12',2,1,1),
  ('Leo','Walker','leo.walker110@gmail.com','0452964029','2000-03-26','2022-03-06',3,1,2),
  ('Bentley','Morgan','bentley.morgan111@gmail.com','0460626853','1998-04-03','2021-12-29',2,1,2),
  ('Matilda','Turner','matilda.turner112@gmail.com','0476437802','1987-01-24','2022-10-11',3,1,3),
  ('Darcy','Anderson','darcy.anderson113@gmail.com','0481994461','1982-03-13','2022-09-26',1,1,3),
  ('Hunter','Brown','hunter.brown114@gmail.com','0426155474','1984-03-06','2021-11-02',3,1,1),
  ('Isla','Murphy','isla.murphy115@gmail.com','0484705604','1988-05-10','2023-05-25',3,1,3),
  ('James','Wright','james.wright116@gmail.com','0489164702','1987-03-02','2022-09-03',2,1,1),
  ('Leo','Bailey','leo.bailey117@gmail.com','0421592673','1997-09-07','2021-10-29',1,1,2),
  ('Sebastian','Scott','sebastian.scott118@gmail.com','0408927953','1994-09-17','2022-11-04',2,1,3),
  ('Ethan','Bell','ethan.bell119@gmail.com','0433176403','1990-04-22','2022-04-27',3,1,2),
  ('Angus','Gray','angus.gray120@gmail.com','0419002284','1981-02-19','2022-09-18',NULL,1,1),
  ('Logan','Taylor','logan.taylor121@gmail.com','0414492302','1987-11-21','2021-04-02',1,1,2),
  ('Poppy','Rogers','poppy.rogers122@gmail.com','0405166321','1975-09-13','2023-06-14',2,1,3),
  ('Archie','White','archie.white123@gmail.com','0429975773','1998-07-27','2024-01-13',3,1,1),
  ('Sienna','Jones','sienna.jones124@gmail.com','0402749368','1987-12-13','2023-01-08',3,1,2),
  ('Elsie','Murphy','elsie.murphy125@gmail.com','0427190925','1991-09-30','2023-08-01',2,1,1),
  ('Ruby','Anderson','ruby.anderson126@gmail.com','0426770262','1986-07-23','2021-09-11',2,1,1),
  ('Bentley','Turner','bentley.turner127@gmail.com','0490220335','1997-08-22','2023-07-10',2,1,2),
  ('Logan','Taylor','logan.taylor128@gmail.com','0441327230','1978-05-11','2022-10-05',2,1,1),
  ('Jack','Roberts','jack.roberts129@gmail.com','0490792153','1976-04-04','2022-10-17',1,1,1),
  ('Luca','Lewis','luca.lewis130@gmail.com','0454588759','1987-05-27','2021-07-31',3,1,3),
  ('Indiana','Murphy','indiana.murphy131@gmail.com','0439105594','1991-09-04','2024-08-29',1,1,1),
  ('Nixon','Stewart','nixon.stewart132@gmail.com','0430472464','1997-12-23','2024-11-11',2,1,2),
  ('Darcy','Jones','darcy.jones133@gmail.com','0458472724','1997-11-11','2024-08-12',3,1,3),
  ('Cooper','Johnson','cooper.johnson134@gmail.com','0479442598','1981-04-29','2022-07-22',NULL,1,1),
  ('Ava','Mitchell','ava.mitchell135@gmail.com','0435814443','1991-01-07','2023-12-16',3,1,2),
  ('Elsie','Young','elsie.young136@gmail.com','0411638346','1983-01-12','2022-07-29',2,1,1),
  ('Henry','Green','henry.green137@gmail.com','0486603437','1992-01-25','2024-11-09',2,1,2),
  ('Elsie','Morris','elsie.morris138@gmail.com','0412973221','1983-10-09','2022-01-25',2,1,1),
  ('Hudson','Campbell','hudson.campbell139@gmail.com','0486292394','1980-02-02','2023-11-08',3,1,2),
  ('Leo','White','leo.white140@gmail.com','0427995580','1987-10-07','2021-10-21',2,1,1),
  ('Angus','Bell','angus.bell141@gmail.com','0478005779','1998-12-24','2023-02-15',2,1,1),
  ('Charlotte','Murphy','charlotte.murphy142@gmail.com','0447146641','1995-02-14','2024-10-09',2,1,1),
  ('Darcy','Campbell','darcy.campbell143@gmail.com','0416931038','1983-02-28','2022-06-12',3,1,1),
  ('Darcy','Turner','darcy.turner144@gmail.com','0494120070','1988-10-02','2023-07-10',1,1,3),
  ('Elsie','Lewis','elsie.lewis145@gmail.com','0431589813','1985-11-17','2024-09-07',1,1,1),
  ('Mason','Green','mason.green146@gmail.com','0432974006','1980-11-11','2024-10-12',2,1,3),
  ('Leo','Lewis','leo.lewis147@gmail.com','0488336408','1976-02-23','2022-10-17',1,1,2),
  ('Riley','Phillips','riley.phillips148@gmail.com','0481734392','1984-02-24','2021-06-21',1,1,2),
  ('Frankie','Hill','frankie.hill149@gmail.com','0410858776','1990-06-11','2023-10-08',2,1,2),
  ('Poppy','Rogers','poppy.rogers150@gmail.com','0470835602','1994-11-17','2023-06-01',3,1,2),
  ('Isla','Collins','isla.collins151@gmail.com','0476201660','1997-10-12','2024-08-18',1,1,2),
  ('Charlotte','Taylor','charlotte.taylor152@gmail.com','0434992208','1982-01-05','2023-06-30',2,1,1),
  ('Liam','Harris','liam.harris153@gmail.com','0439833568','1992-03-24','2022-10-11',2,1,2),
  ('Evie','Roberts','evie.roberts154@gmail.com','0436780385','1988-07-15','2022-07-14',3,1,1),
  ('Hudson','Mitchell','hudson.mitchell155@gmail.com','0428953755','1981-01-08','2022-12-26',2,1,3),
  ('Ava','Smith','ava.smith156@gmail.com','0473187281','1986-07-06','2024-08-29',1,1,1),
  ('Noah','Martin','noah.martin157@gmail.com','0479612272','1979-10-09','2023-04-06',2,1,2),
  ('Bentley','Evans','bentley.evans158@gmail.com','0411696215','1998-08-01','2024-06-22',2,1,2),
  ('Chloe','Scott','chloe.scott159@gmail.com','0422977966','1991-02-03','2023-09-05',2,1,1),
  ('Mia','Adams','mia.adams160@gmail.com','0420935403','1998-07-06','2022-01-12',1,1,2),
  ('Leo','Kelly','leo.kelly161@gmail.com','0468379080','1976-09-22','2022-09-11',2,1,3),
  ('Indiana','Rogers','indiana.rogers162@gmail.com','0417510103','1980-01-11','2021-03-12',1,1,2),
  ('Blake','Ward','blake.ward163@gmail.com','0441973371','1984-01-26','2023-11-23',1,1,3),
  ('Jack','King','jack.king164@gmail.com','0425929386','1991-02-26','2024-04-13',1,1,3),
  ('Evie','Wright','evie.wright165@gmail.com','0432182423','1987-08-28','2024-11-20',1,1,1),
  ('Zara','Lewis','zara.lewis166@gmail.com','0479759980','1986-08-09','2023-10-24',2,1,2),
  ('Darcy','Lee','darcy.lee167@gmail.com','0466458911','1998-09-20','2021-08-05',2,1,2),
  ('Sebastian','Campbell','sebastian.campbell168@gmail.com','0478337272','1989-04-04','2023-06-24',1,1,2),
  ('Mason','Jones','mason.jones169@gmail.com','0497051013','1990-03-02','2021-01-22',1,1,1),
  ('Bentley','Ward','bentley.ward170@gmail.com','0469034042','1991-09-08','2024-02-02',2,1,1),
  ('Ella','Thompson','ella.thompson171@gmail.com','0476099770','1993-07-18','2021-10-12',2,1,2),
  ('Lucas','Evans','lucas.evans172@gmail.com','0416233913','1985-02-06','2022-11-15',NULL,1,3),
  ('Oliver','Hill','oliver.hill173@gmail.com','0417793711','1982-09-05','2023-02-26',3,1,3),
  ('Elijah','Thompson','elijah.thompson174@gmail.com','0493151537','1977-05-03','2022-11-14',3,1,2),
  ('Hudson','Hill','hudson.hill175@gmail.com','0439977597','1982-11-04','2022-09-13',1,1,3),
  ('Charlotte','Bell','charlotte.bell176@gmail.com','0410030133','2005-09-13','2022-02-26',1,1,2),
  ('Ava','Murphy','ava.murphy177@gmail.com','0430372285','1985-05-21','2022-07-06',2,1,1),
  ('Leo','Taylor','leo.taylor178@gmail.com','0422299021','1977-09-24','2021-08-20',2,1,3),
  ('Grace','Martin','grace.martin179@gmail.com','0433258802','1997-02-02','2024-02-18',1,1,2),
  ('Harper','Collins','harper.collins180@gmail.com','0436465940','1999-01-23','2023-11-26',2,1,1),
  ('Riley','Walker','riley.walker181@gmail.com','0467321921','1991-05-18','2021-07-09',2,1,3),
  ('Noah','Lewis','noah.lewis182@gmail.com','0460893176','1998-01-26','2021-02-15',1,1,1),
  ('Evie','Ward','evie.ward183@gmail.com','0423119862','1993-10-03','2024-05-10',2,1,3),
  ('Liam','King','liam.king184@gmail.com','0445332653','1975-09-14','2024-03-31',1,1,1),
  ('Scarlett','Bailey','scarlett.bailey185@gmail.com','0466403659','1994-10-03','2023-10-11',2,1,2),
  ('Elsie','Murphy','elsie.murphy186@gmail.com','0418427326','1998-03-30','2023-09-20',3,1,3),
  ('Thomas','Phillips','thomas.phillips187@gmail.com','0410506436','1986-02-09','2021-10-01',1,1,1),
  ('Elsie','Roberts','elsie.roberts188@gmail.com','0472807477','1986-03-28','2021-09-06',1,1,1),
  ('Noah','Lewis','noah.lewis189@gmail.com','0449860767','1977-11-03','2023-06-04',3,1,1),
  ('Harper','Jones','harper.jones190@gmail.com','0448729438','1989-07-20','2022-02-01',3,1,1),
  ('Frankie','Thompson','frankie.thompson191@gmail.com','0450138134','1979-03-30','2021-07-04',2,1,2),
  ('Elsie','Kelly','elsie.kelly192@gmail.com','0479133673','1989-08-16','2024-04-01',3,1,1),
  ('Liam','Mitchell','liam.mitchell193@gmail.com','0412796248','1993-03-25','2021-11-18',NULL,1,3),
  ('Angus','Evans','angus.evans194@gmail.com','0492813154','1987-01-15','2023-04-14',2,1,2),
  ('Zara','Cook','zara.cook195@gmail.com','0457309033','1984-01-19','2022-02-24',1,1,3),
  ('Noah','Gray','noah.gray196@gmail.com','0427411929','1982-09-11','2022-01-28',3,1,2),
  ('Henry','Roberts','henry.roberts197@gmail.com','0486336822','1995-04-26','2022-08-30',1,1,2),
  ('Evie','Hill','evie.hill198@gmail.com','0413403512','1987-09-22','2023-12-18',2,1,3),
  ('Hudson','Bailey','hudson.bailey199@gmail.com','0436405477','1987-09-12','2022-02-13',3,1,1),
  ('Riley','Martin','riley.martin200@gmail.com','0454907740','1978-12-27','2023-03-09',2,1,1),
  ('Archie','Smith','archie.smith201@gmail.com','0465164794','1992-08-19','2023-03-22',2,1,3),
  ('Indiana','Wright','indiana.wright202@gmail.com','0411380178','1992-02-26','2024-09-26',3,1,2),
  ('Ava','Adams','ava.adams203@gmail.com','0480278178','2003-01-25','2024-09-05',2,1,1),
  ('Chloe','Phillips','chloe.phillips204@gmail.com','0493908758','1999-05-09','2021-09-28',3,1,3),
  ('Logan','Ward','logan.ward205@gmail.com','0421248535','1989-02-12','2021-03-27',2,1,2),
  ('Ruby','Parker','ruby.parker206@gmail.com','0475891390','1993-06-16','2021-08-19',3,1,2),
  ('Nate','Rogers','nate.rogers207@gmail.com','0438756476','1979-04-29','2021-09-14',1,1,1),
  ('Billie','Lewis','billie.lewis208@gmail.com','0484724665','1994-08-22','2022-09-24',2,1,2),
  ('Logan','Harris','logan.harris209@gmail.com','0456801384','1982-12-25','2022-07-31',2,1,1),
  ('Riley','Martin','riley.martin210@gmail.com','0445171904','1978-01-13','2022-06-27',3,1,2),
  ('Hunter','Gray','hunter.gray211@gmail.com','0423599485','1986-05-15','2022-11-29',1,1,1),
  ('James','Young','james.young212@gmail.com','0422565354','1992-06-25','2023-06-08',2,1,2),
  ('Poppy','Green','poppy.green213@gmail.com','0423562053','1998-08-02','2024-07-24',2,1,3),
  ('William','Brown','william.brown214@gmail.com','0428655546','1990-03-23','2021-02-16',2,1,1),
  ('Darcy','Lewis','darcy.lewis215@gmail.com','0477006760','1996-04-12','2024-07-08',2,1,3),
  ('Georgia','Fox','georgia.fox216@gmail.com','0433946060','1986-08-25','2021-09-21',3,1,1),
  ('James','Martin','james.martin217@gmail.com','0428288350','1990-10-12','2021-05-06',1,1,2),
  ('Mason','Collins','mason.collins218@gmail.com','0477227646','1992-01-31','2023-01-20',3,1,2),
  ('Willow','Hill','willow.hill219@gmail.com','0425808545','1982-11-20','2022-09-25',3,1,1),
  ('Nixon','Brown','nixon.brown220@gmail.com','0480559222','1998-04-24','2023-09-05',1,1,3),
  ('Luca','Kelly','luca.kelly221@gmail.com','0411728844','1993-09-02','2023-11-15',2,1,2),
  ('Evie','Scott','evie.scott222@gmail.com','0416495243','1977-04-26','2024-09-17',1,1,1),
  ('Olivia','Baker','olivia.baker223@gmail.com','0410160904','2003-02-20','2021-08-03',3,1,1),
  ('Frankie','Campbell','frankie.campbell224@gmail.com','0426512781','1980-01-03','2021-11-01',3,1,2),
  ('Hudson','White','hudson.white225@gmail.com','0426841942','1990-03-24','2022-10-23',2,1,2),
  ('Grace','Scott','grace.scott226@gmail.com','0426990108','1976-09-28','2021-07-16',3,1,2),
  ('Luca','Gray','luca.gray227@gmail.com','0424574988','1991-08-23','2022-06-21',3,1,2),
  ('Hunter','Ward','hunter.ward228@gmail.com','0413299565','1987-03-29','2022-02-07',2,1,1),
  ('William','Rogers','william.rogers229@gmail.com','0468710921','1998-11-12','2023-04-01',2,1,3),
  ('Georgia','Kelly','georgia.kelly230@gmail.com','0446428252','1989-01-03','2023-08-20',3,1,3),
  ('Logan','Mitchell','logan.mitchell231@gmail.com','0430197809','1982-11-17','2024-07-31',2,1,1),
  ('Nixon','Kelly','nixon.kelly232@gmail.com','0419075661','1982-02-01','2021-12-26',3,1,3),
  ('Liam','Fox','liam.fox233@gmail.com','0423635983','1990-10-22','2021-02-26',1,1,3),
  ('Elsie','Green','elsie.green234@gmail.com','0426154155','1985-03-25','2024-01-24',1,1,1),
  ('Blake','Stewart','blake.stewart235@gmail.com','0445735182','1995-04-13','2022-11-09',3,1,1),
  ('Billie','Green','billie.green236@gmail.com','0455711141','1989-07-05','2021-07-02',1,1,3),
  ('Elsie','Jones','elsie.jones237@gmail.com','0450657827','1993-04-24','2022-04-30',2,1,2),
  ('Willow','King','willow.king238@gmail.com','0422466541','1989-04-24','2022-09-07',2,1,3),
  ('Angus','Wright','angus.wright239@gmail.com','0483897014','1986-10-01','2022-06-20',2,1,2),
  ('Elsie','Baker','elsie.baker240@gmail.com','0420188425','1992-11-13','2022-02-08',2,1,3),
  ('Scarlett','White','scarlett.white241@gmail.com','0477697409','1990-07-19','2022-10-19',2,1,1),
  ('Frankie','Stewart','frankie.stewart242@gmail.com','0482330647','1976-10-22','2021-09-23',3,1,2),
  ('Levi','Hill','levi.hill243@gmail.com','0457497667','1995-01-13','2021-08-24',2,1,3),
  ('Oscar','Scott','oscar.scott244@gmail.com','0456754589','1983-08-05','2021-01-18',2,1,1),
  ('Harper','Rogers','harper.rogers245@gmail.com','0419419182','1990-11-15','2023-04-03',1,1,2),
  ('Leo','Collins','leo.collins246@gmail.com','0419539461','1991-08-04','2022-05-09',1,1,2),
  ('Charlotte','Young','charlotte.young247@gmail.com','0412105852','1984-06-29','2023-07-12',3,1,2),
  ('Noah','Bell','noah.bell248@gmail.com','0471959630','1990-04-23','2024-11-19',1,1,3),
  ('Ethan','Edwards','ethan.edwards249@gmail.com','0461969600','1983-07-25','2023-05-16',3,1,3),
  ('Indiana','Stewart','indiana.stewart250@gmail.com','0445178208','1992-03-10','2022-07-21',2,1,2),
  ('Georgia','Adams','georgia.adams251@gmail.com','0425125769','1982-08-16','2022-02-26',1,1,2),
  ('Logan','Lewis','logan.lewis252@gmail.com','0499828972','1991-12-13','2024-09-20',2,1,3),
  ('Mason','Hill','mason.hill253@gmail.com','0414878893','1986-05-28','2022-09-28',2,1,2),
  ('Riley','Campbell','riley.campbell254@gmail.com','0412132729','1995-06-01','2023-06-14',NULL,1,3),
  ('Levi','White','levi.white255@gmail.com','0442782525','1997-06-24','2024-10-08',2,1,3),
  ('Archie','Green','archie.green256@gmail.com','0496922795','1999-07-24','2023-10-11',3,1,2),
  ('Darcy','Young','darcy.young257@gmail.com','0468066012','1987-06-29','2022-11-19',1,1,3),
  ('Charlotte','Morgan','charlotte.morgan258@gmail.com','0433537200','1983-01-16','2024-02-05',3,1,2),
  ('Willow','Evans','willow.evans259@gmail.com','0477775464','1995-01-06','2022-07-12',1,1,1),
  ('Evie','Bailey','evie.bailey260@gmail.com','0446885945','1995-09-02','2021-02-06',2,1,3),
  ('Isla','Edwards','isla.edwards261@gmail.com','0469834650','1988-07-04','2024-09-16',1,1,3),
  ('Zara','Green','zara.green262@gmail.com','0448177263','1987-01-20','2022-11-28',3,1,1),
  ('Scarlett','Evans','scarlett.evans263@gmail.com','0456435227','1990-07-18','2024-06-26',2,1,1),
  ('Ruby','Murphy','ruby.murphy264@gmail.com','0484843227','1998-06-13','2024-07-22',2,1,3),
  ('Angus','Roberts','angus.roberts265@gmail.com','0445332756','1982-06-22','2022-01-30',3,1,1),
  ('Willow','Kelly','willow.kelly266@gmail.com','0411885619','1995-01-18','2023-06-04',2,1,1);

INSERT INTO Staff
  (FirstName, LastName, Email, Role, StoreID, HireDate, IsActive)
VALUES
  ('Sarah',   'Nguyen',   'sarah.nguyen@carltonmovies.com',   'Store Manager', 1, '2018-02-12', 1),
  ('Jacob',   'Wilson',   'jacob.wilson@carltonmovies.com',   'Assistant',     1, '2020-07-01', 1),
  ('Emily',   'Brown',    'emily.brown@carltonmovies.com',    'Store Manager', 2, '2019-09-10', 1),
  ('Lachlan', 'Taylor',   'lachlan.taylor@carltonmovies.com', 'Assistant',     2, '2021-03-05', 1),
  ('Olivia',  'Smith',    'olivia.smith@carltonmovies.com',   'Store Manager', 3, '2020-01-20', 1),
  ('Josh',    'Martin',   'josh.martin@carltonmovies.com',    'Assistant',     3, '2022-11-15', 1),
  ('Sophie',  'Wong',     'sophie.wong@carltonmovies.com',    'Store Manager', 4, '2023-10-30', 1),
  ('Ethan',   'Lee',      'ethan.lee@carltonmovies.com',      'Assistant',     4, '2023-11-10', 1);

INSERT INTO Movie
  (Title, ReleaseYear, Rating, RuntimeMinutes, Language, RentalPrice, ReplacementCost, IsActive)
VALUES
  ('Mad Max: Fury Road',     2015, 'MA15+', 120, 'English', 4.50, 29.99, 1),
  ('The Castle',             1997, 'PG',     85, 'English', 3.50, 19.99, 1),
  ('Lion',                   2016, 'PG',    118, 'English', 4.00, 24.99, 1),
  ('The Matrix',             1999, 'MA15+', 136, 'English', 4.50, 24.99, 1),
  ('Finding Nemo',           2003, 'G',      96, 'English', 3.50, 19.99, 1),
  ('The Dish',               2000, 'M',     101, 'English', 3.50, 19.99, 1),
  ('Thor: Ragnarok',         2017, 'M',     130, 'English', 4.50, 29.99, 1),
  ('The Babadook',           2014, 'MA15+',  94, 'English', 3.99, 19.99, 1),
  ('Rabbit-Proof Fence',     2002, 'PG',     94, 'English', 3.50, 19.99, 1),
  ('Crocodile Dundee',       1986, 'PG',     97, 'English', 3.00, 14.99, 1),
  ('Moana',                  2016, 'PG',    107, 'English', 3.99, 24.99, 1),
  ('Toy Story',              1995, 'G',      81, 'English', 3.50, 19.99, 1),
  ('Get Out',                2017, 'MA15+', 104, 'English', 4.00, 24.99, 1),
  ('Interstellar',           2014, 'M',     169, 'English', 4.50, 29.99, 1),
  ('Top End Wedding',        2019, 'M',      97, 'English', 3.99, 24.99, 1);
  
INSERT INTO Genre (GenreName) VALUES
  ('Action'),
  ('Comedy'),
  ('Drama'),
  ('Sci-Fi'),
  ('Horror'),
  ('Romance'),
  ('Thriller'),
  ('Animation'),
  ('Family'),
  ('Documentary');

INSERT INTO MovieGenre (MovieID, GenreID) VALUES
  (1, 1), (1, 7),          
  (2, 2), (2, 3),          
  (3, 3), (3, 6),          
  (4, 1), (4, 4),          
  (5, 8), (5, 9),          
  (6, 2), (6, 3),          
  (7, 1), (7, 4),          
  (8, 5), (8, 7),          
  (9, 3), (9,10),          
  (10,2), (10,3),          
  (11,8), (11,9),          
  (12,8), (12,9),          
  (13,5), (13,7),          
  (14,4), (14,3),          
  (15,3), (15,6);          


INSERT INTO Inventory
  (MovieID, StoreID, DateAdded, Status, CopyNumber)
VALUES
  -- Carlton Flagship --
  (1, 1, '2021-01-10', 'Available', 1),
  (1, 1, '2021-01-10', 'Rented',    2),
  (2, 1, '2021-03-05', 'Available', 1),
  (3, 1, '2021-06-20', 'Available', 1),
  (4, 1, '2021-08-15', 'Rented',    1),
  (5, 1, '2021-09-01', 'Available', 1),
  (6, 1, '2022-01-10', 'Available', 1),

  -- Fitzroy --
  (1, 2, '2021-02-01', 'Available', 1),
  (4, 2, '2021-08-20', 'Available', 1),
  (5, 2, '2021-09-05', 'Rented',    1),
  (7, 2, '2022-03-12', 'Available', 1),
  (8, 2, '2022-10-18', 'Available', 1),
  (9, 2, '2022-11-02', 'Available', 1),

  -- Richmond --
  (3, 3, '2021-06-25', 'Available', 1),
  (4, 3, '2021-08-25', 'Available', 1),
  (10,3, '2021-09-10', 'Available', 1),
  (11,3, '2022-04-01', 'Rented',    1),
  (12,3, '2022-04-01', 'Available', 2),
  (13,3, '2022-07-07', 'Available', 1),

  -- Southbank --
  (5, 4, '2023-11-05', 'Available', 1),
  (11,4,'2023-11-05', 'Available', 1),
  (14,4,'2023-11-10', 'Available', 1),
  (15,4,'2023-11-10', 'Available', 1);

INSERT INTO Rental
  (CustomerID, StaffID, StoreID, RentalDateTime, ReturnDueDate, TotalAmount, PaymentStatus)
VALUES
  (1,  1, 1, '2024-10-01 18:30:00', '2024-10-04 18:30:00',  9.00, 'Paid'),
  (2,  2, 1, '2024-10-02 16:10:00', '2024-10-05 16:10:00',  4.50, 'Paid'),
  (3,  3, 2, '2024-10-03 19:45:00', '2024-10-06 19:45:00',  7.00, 'Paid'),
  (4,  4, 2, '2024-10-04 14:20:00', '2024-10-07 14:20:00',  3.50, 'Unpaid'),
  (5,  5, 3, '2024-10-05 20:05:00', '2024-10-08 20:05:00',  8.50, 'Paid'),
  (6,  6, 3, '2024-10-06 12:30:00', '2024-10-09 12:30:00',  4.00, 'Paid'),
  (7,  7, 4, '2024-10-06 18:50:00', '2024-10-09 18:50:00',  7.50, 'Paid'),
  (8,  8, 4, '2024-10-07 15:10:00', '2024-10-10 15:10:00',  3.50, 'Unpaid'),
  (9,  1, 1, '2024-10-08 17:40:00', '2024-10-11 17:40:00',  4.50, 'Paid'),
  (10, 2, 1, '2024-10-09 19:00:00', '2024-10-12 19:00:00',  8.00, 'Paid'),
  (11, 3, 2, '2024-10-10 13:05:00', '2024-10-13 13:05:00',  3.50, 'Paid'),
  (12, 4, 2, '2024-10-11 11:45:00', '2024-10-14 11:45:00',  7.50, 'Paid'),
  (13, 5, 3, '2024-10-12 20:15:00', '2024-10-15 20:15:00',  4.50, 'Paid'),
  (14, 6, 3, '2024-10-13 16:30:00', '2024-10-16 16:30:00',  9.00, 'Unpaid'),
  (15, 7, 4, '2024-10-14 18:10:00', '2024-10-17 18:10:00',  4.00, 'Paid'),
  (16, 8, 4, '2024-10-15 14:50:00', '2024-10-18 14:50:00',  6.50, 'Paid'),
  (17, 1, 1, '2024-10-16 19:20:00', '2024-10-19 19:20:00',  3.50, 'Paid'),
  (18, 2, 1, '2024-10-17 17:25:00', '2024-10-20 17:25:00',  7.50, 'Paid'),
  (19, 3, 2, '2024-10-18 15:40:00', '2024-10-21 15:40:00',  4.50, 'Paid'),
  (20, 4, 2, '2024-10-19 13:30:00', '2024-10-22 13:30:00', 10.00, 'Unpaid');

INSERT INTO Payment
  (RentalID, PaymentDateTime, Amount, PaymentMethod)
VALUES
  (1,  '2024-10-01 18:31:00',  9.00, 'Card'),
  (2,  '2024-10-02 16:11:00',  4.50, 'Card'),
  (3,  '2024-10-03 19:46:00',  7.00, 'Cash'),
  (5,  '2024-10-05 20:06:00',  8.50, 'Card'),
  (6,  '2024-10-06 12:31:00',  4.00, 'Card'),
  (7,  '2024-10-06 18:51:00',  7.50, 'Online'),
  (9,  '2024-10-08 17:41:00',  4.50, 'Card'),
  (10, '2024-10-09 19:01:00',  8.00, 'Card'),
  (11, '2024-10-10 13:06:00',  3.50, 'Cash'),
  (12, '2024-10-11 11:46:00',  7.50, 'Card'),
  (13, '2024-10-12 20:16:00',  4.50, 'Card'),
  (15, '2024-10-14 18:11:00',  4.00, 'Card'),
  (16, '2024-10-15 14:51:00',  6.50, 'Online'),
  (17, '2024-10-16 19:21:00',  3.50, 'Card'),
  (18, '2024-10-17 17:26:00',  7.50, 'Card'),
  (19, '2024-10-18 15:41:00',  4.50, 'Online');

INSERT INTO RentalItem
  (RentalID, InventoryID, DailyRate, ReturnDateTime, LateFeeAmount)
VALUES
  (1,  1, 3.00, '2024-10-04 17:10:00', 0.00),
  (1,  2, 3.00, '2024-10-04 17:15:00', 0.00),
  (2,  3, 4.50, '2024-10-05 15:50:00', 0.00),
  (3,  8, 3.50, '2024-10-06 19:30:00', 0.00),
  (3,  9, 3.50, '2024-10-06 19:35:00', 0.00),
  (4, 10, 3.50, '2024-10-08 09:00:00', 2.00), 
  (5, 14, 4.25, '2024-10-08 19:30:00', 0.00),
  (5, 15, 4.25, '2024-10-08 19:35:00', 0.00),
  (6, 16, 4.00, '2024-10-09 12:00:00', 0.00),
  (7, 20, 3.75, NULL, 0.00),  
  (7, 21, 3.75, NULL, 0.00),
  (8, 22, 3.50, '2024-10-11 16:00:00', 1.50),
  (9,  4, 4.50, '2024-10-11 17:20:00', 0.00),
  (10, 5, 4.00, NULL, 0.00),
  (10, 6, 4.00, NULL, 0.00),
  (11, 7, 3.50, '2024-10-13 12:30:00', 0.00),
  (12, 11, 3.75, '2024-10-14 11:30:00', 0.00),
  (12, 12, 3.75, '2024-10-14 11:35:00', 0.00),
  (13, 13, 4.50, '2024-10-15 19:40:00', 0.00),
  (14, 18, 4.50, '2024-10-18 17:00:00', 3.00),
  (15, 19, 4.00, '2024-10-17 17:50:00', 0.00),
  (16, 23, 3.25, NULL, 0.00),
  (17, 7, 3.50, '2024-10-19 19:15:00', 0.00);

